{
  "accuracy": 0.9130014499758338,
  "roc_auc": 0.7763426507437861,
  "average_precision": 0.2785394964071577,
  "brier_score": 0.0712872420868234,
  "positive_rate": 0.08353471886579668,
  "support": 12414,
  "delay_threshold_minutes": 5.0,
  "train_test_split_date": "2024-01-01 00:00:00",
  "classification_report": {
    "0": {
      "precision": 0.9275097567051399,
      "recall": 0.9818053968533005,
      "f1-score": 0.9538855678906917,
      "support": 11377.0
    },
    "1": {
      "precision": 0.4420485175202156,
      "recall": 0.15814850530376084,
      "f1-score": 0.23295454545454544,
      "support": 1037.0
    },
    "accuracy": 0.9130014499758338,
    "macro avg": {
      "precision": 0.6847791371126778,
      "recall": 0.5699769510785306,
      "f1-score": 0.5934200566726185,
      "support": 12414.0
    },
    "weighted avg": {
      "precision": 0.8869568885695859,
      "recall": 0.9130014499758338,
      "f1-score": 0.8936627976098568,
      "support": 12414.0
    }
  },
  "confusion_matrix": [
    [
      11170,
      207
    ],
    [
      873,
      164
    ]
  ]
}