{
  "accuracy": 0.6490833333333333,
  "roc_auc": 0.6918870857142858,
  "support": 12000,
  "positive_rate": 0.5833333333333334,
  "classification_report": {
    "0": {
      "precision": 0.5689805910124147,
      "recall": 0.6508,
      "f1-score": 0.6071461890101688,
      "support": 5000.0
    },
    "1": {
      "precision": 0.7220187868173857,
      "recall": 0.6478571428571429,
      "f1-score": 0.6829305022212183,
      "support": 7000.0
    },
    "accuracy": 0.6490833333333333,
    "macro avg": {
      "precision": 0.6454996889149003,
      "recall": 0.6493285714285715,
      "f1-score": 0.6450383456156936,
      "support": 12000.0
    },
    "weighted avg": {
      "precision": 0.6582528718986478,
      "recall": 0.6490833333333333,
      "f1-score": 0.6513537050499477,
      "support": 12000.0
    }
  },
  "confusion_matrix": [
    [
      3254,
      1746
    ],
    [
      2465,
      4535
    ]
  ]
}